{
  "student_id": 167,
  "knowledge_levels": {
    "KC1": 0.7940269708633423,
    "KC2": 0.7894672751426697,
    "KC3": 0.7727040648460388,
    "KC4": 0.69105064868927,
    "KC5": 0.9281386137008667,
    "KC6": 0.8164272308349609,
    "KC7": 0.8248615860939026,
    "KC8": 0.7907482385635376,
    "KC9": 0.6998753547668457,
    "KC10": 0.7727459669113159,
    "KC11": 0.9252015948295593,
    "KC12": 0.8691992163658142,
    "KC13": 0.7124947905540466,
    "KC14": 0.6407952308654785,
    "KC15": 0.8651643395423889,
    "KC16": 0.7731606364250183,
    "KC17": 0.8124672174453735,
    "KC18": 0.9456750750541687,
    "KC19": 0.8778793215751648,
    "KC20": 0.9107980728149414,
    "KC21": 0.748921811580658,
    "KC22": 0.9866301417350769,
    "KC23": 0.6951941251754761,
    "KC24": 0.6422522664070129,
    "KC25": 0.7808399796485901,
    "KC26": 0.8104426264762878,
    "KC27": 0.8041644096374512,
    "KC28": 0.8360795974731445,
    "KC29": 0.3060934543609619,
    "KC30": 0.8076106309890747,
    "KC31": 0.8836347460746765,
    "KC32": 0.7912984490394592,
    "KC33": 0.898577868938446,
    "KC34": 0.9063976407051086,
    "KC35": 0.8849959969520569,
    "KC36": 0.8212233781814575,
    "KC37": 0.8595637679100037,
    "KC38": 0.8469286561012268,
    "KC39": 0.848005473613739,
    "KC40": 0.8658530712127686,
    "KC41": 0.8930878043174744,
    "KC42": 0.7454169988632202,
    "KC43": 0.8175680637359619,
    "KC44": 0.657529890537262,
    "KC45": 0.7786688804626465,
    "KC46": 0.7760141491889954,
    "KC47": 0.8666476607322693,
    "KC48": 0.6866739392280579,
    "KC49": 0.8141306042671204,
    "KC50": 0.8282882571220398,
    "KC51": 0.8310185670852661,
    "KC52": 0.7287530303001404,
    "KC53": 0.8579021096229553,
    "KC54": 0.7739809155464172,
    "KC55": 0.8096297383308411,
    "KC56": 0.8757597804069519,
    "KC57": 0.8514851927757263,
    "KC58": 0.8194477558135986,
    "KC59": 0.8053902983665466,
    "KC60": 0.8242524266242981,
    "KC61": 0.8175405859947205,
    "KC62": 0.6745031476020813,
    "KC63": 0.6638346910476685,
    "KC64": 0.7454854249954224,
    "KC65": 0.4189312160015106,
    "KC66": 0.7243540287017822,
    "KC67": 0.8708798885345459,
    "KC68": 0.9167060852050781,
    "KC69": 0.7465410828590393,
    "KC70": 0.7215001583099365,
    "KC71": 0.6331344246864319,
    "KC72": 0.9106687307357788,
    "KC73": 0.9106687307357788,
    "KC74": 0.9106687307357788,
    "KC75": 0.35175877809524536,
    "KC76": 0.5696378946304321,
    "KC77": 0.6718951463699341,
    "KC78": 0.9106687307357788,
    "KC79": 0.8617307543754578,
    "KC80": 0.845935046672821,
    "KC81": 0.7826019525527954,
    "KC82": 0.9112972021102905,
    "KC83": 0.8266586065292358,
    "KC84": 0.5588582158088684,
    "KC85": 0.2834984064102173,
    "KC86": 0.7431390285491943,
    "KC87": 0.6744793057441711,
    "KC88": 0.9853309392929077,
    "KC89": 0.9273049235343933,
    "KC90": 0.8378586173057556,
    "KC91": 0.9078760147094727,
    "KC92": 0.3566916286945343,
    "KC93": 0.7383925318717957,
    "KC94": 0.6829928755760193,
    "KC95": 0.9233207106590271,
    "KC96": 0.6834185123443604,
    "KC97": 0.7644496560096741,
    "KC98": 0.7524999380111694,
    "KC99": 0.8437215089797974,
    "KC100": 0.8989942669868469,
    "KC101": 0.7918565273284912,
    "KC102": 0.8774300217628479,
    "KC103": 0.14901050925254822,
    "KC104": 0.7723036408424377,
    "KC105": 0.8749365210533142,
    "KC106": 0.812595784664154,
    "KC107": 0.6561035513877869,
    "KC108": 0.7879021167755127,
    "KC109": 0.8387887477874756,
    "KC110": 0.8379238843917847,
    "KC111": 0.8821391463279724,
    "KC112": 0.8197466135025024,
    "KC113": 0.8248684406280518,
    "KC114": 0.7877817749977112,
    "KC115": 0.463261216878891,
    "KC116": 0.776836097240448,
    "KC117": 0.8702795505523682,
    "KC118": 0.6634795665740967,
    "KC119": 0.8037620782852173,
    "KC120": 0.7928155064582825,
    "KC121": 0.828417956829071,
    "KC122": 0.6918237209320068,
    "KC123": 0.8475240468978882
  },
  "weak_kcs": [
    {
      "kc": "KC103",
      "mastery": 0.14901050925254822,
      "recommendation": "Cần học lại KC103"
    },
    {
      "kc": "KC85",
      "mastery": 0.2834984064102173,
      "recommendation": "Cần học lại KC85"
    },
    {
      "kc": "KC29",
      "mastery": 0.3060934543609619,
      "recommendation": "Cần học lại KC29"
    },
    {
      "kc": "KC75",
      "mastery": 0.35175877809524536,
      "recommendation": "Cần học lại KC75"
    },
    {
      "kc": "KC92",
      "mastery": 0.3566916286945343,
      "recommendation": "Cần học lại KC92"
    },
    {
      "kc": "KC65",
      "mastery": 0.4189312160015106,
      "recommendation": "Cần học lại KC65"
    },
    {
      "kc": "KC115",
      "mastery": 0.463261216878891,
      "recommendation": "Cần học lại KC115"
    },
    {
      "kc": "KC84",
      "mastery": 0.5588582158088684,
      "recommendation": "Cần học lại KC84"
    },
    {
      "kc": "KC76",
      "mastery": 0.5696378946304321,
      "recommendation": "Cần học lại KC76"
    }
  ],
  "strong_kcs": [
    {
      "kc": "KC22",
      "mastery": 0.9866301417350769
    },
    {
      "kc": "KC88",
      "mastery": 0.9853309392929077
    },
    {
      "kc": "KC18",
      "mastery": 0.9456750750541687
    },
    {
      "kc": "KC5",
      "mastery": 0.9281386137008667
    },
    {
      "kc": "KC89",
      "mastery": 0.9273049235343933
    },
    {
      "kc": "KC11",
      "mastery": 0.9252015948295593
    },
    {
      "kc": "KC95",
      "mastery": 0.9233207106590271
    },
    {
      "kc": "KC68",
      "mastery": 0.9167060852050781
    },
    {
      "kc": "KC82",
      "mastery": 0.9112972021102905
    },
    {
      "kc": "KC20",
      "mastery": 0.9107980728149414
    },
    {
      "kc": "KC72",
      "mastery": 0.9106687307357788
    },
    {
      "kc": "KC73",
      "mastery": 0.9106687307357788
    },
    {
      "kc": "KC74",
      "mastery": 0.9106687307357788
    },
    {
      "kc": "KC78",
      "mastery": 0.9106687307357788
    },
    {
      "kc": "KC91",
      "mastery": 0.9078760147094727
    },
    {
      "kc": "KC34",
      "mastery": 0.9063976407051086
    },
    {
      "kc": "KC100",
      "mastery": 0.8989942669868469
    },
    {
      "kc": "KC33",
      "mastery": 0.898577868938446
    },
    {
      "kc": "KC41",
      "mastery": 0.8930878043174744
    },
    {
      "kc": "KC35",
      "mastery": 0.8849959969520569
    },
    {
      "kc": "KC31",
      "mastery": 0.8836347460746765
    },
    {
      "kc": "KC111",
      "mastery": 0.8821391463279724
    },
    {
      "kc": "KC19",
      "mastery": 0.8778793215751648
    },
    {
      "kc": "KC102",
      "mastery": 0.8774300217628479
    },
    {
      "kc": "KC56",
      "mastery": 0.8757597804069519
    },
    {
      "kc": "KC105",
      "mastery": 0.8749365210533142
    },
    {
      "kc": "KC67",
      "mastery": 0.8708798885345459
    },
    {
      "kc": "KC117",
      "mastery": 0.8702795505523682
    },
    {
      "kc": "KC12",
      "mastery": 0.8691992163658142
    },
    {
      "kc": "KC47",
      "mastery": 0.8666476607322693
    },
    {
      "kc": "KC40",
      "mastery": 0.8658530712127686
    },
    {
      "kc": "KC15",
      "mastery": 0.8651643395423889
    },
    {
      "kc": "KC79",
      "mastery": 0.8617307543754578
    },
    {
      "kc": "KC37",
      "mastery": 0.8595637679100037
    },
    {
      "kc": "KC53",
      "mastery": 0.8579021096229553
    },
    {
      "kc": "KC57",
      "mastery": 0.8514851927757263
    },
    {
      "kc": "KC39",
      "mastery": 0.848005473613739
    },
    {
      "kc": "KC123",
      "mastery": 0.8475240468978882
    },
    {
      "kc": "KC38",
      "mastery": 0.8469286561012268
    },
    {
      "kc": "KC80",
      "mastery": 0.845935046672821
    },
    {
      "kc": "KC99",
      "mastery": 0.8437215089797974
    },
    {
      "kc": "KC109",
      "mastery": 0.8387887477874756
    },
    {
      "kc": "KC110",