epoch,train_loss,val_loss,test_auc,test_accuracy,test_rmse
0,0.5,0.55,0.65,0.7,0.45
1,0.45,0.49500000000000005,0.68,0.72,0.43
2,0.4,0.44000000000000006,0.71,0.74,0.41000000000000003
3,0.35,0.385,0.74,0.76,0.39
4,0.3,0.33,0.77,0.7799999999999999,0.37
